{
  "cookies": [
    {
      "name": "JSESSIONID",
      "value": "94AB6477CB74202272ED3790D6BC5279.jvm1",
      "domain": "leaftaps.com",
      "path": "/opentaps",
      "expires": -1,
      "httpOnly": false,
      "secure": false,
      "sameSite": "Lax"
    },
    {
      "name": "OFBiz.Visitor",
      "value": "2468271",
      "domain": "leaftaps.com",
      "path": "/",
      "expires": 1780904878.256862,
      "httpOnly": false,
      "secure": false,
      "sameSite": "Lax"
    },
    {
      "name": "_ga_XC5DRQT2CH",
      "value": "GS2.1.s1749368877$o1$g0$t1749368877$j60$l0$h0",
      "domain": ".leaftaps.com",
      "path": "/",
      "expires": 1783928878.001319,
      "httpOnly": false,
      "secure": false,
      "sameSite": "Lax"
    },
    {
      "name": "ai_user",
      "value": "qjzom07U/n7rKMBJgrNyYF|2025-06-08T07:47:58.055Z",
      "domain": "leaftaps.com",
      "path": "/",
      "expires": 1780904878.05624,
      "httpOnly": false,
      "secure": false,
      "sameSite": "Lax"
    },
    {
      "name": "CLID",
      "value": "af1c22d5b0fa4aa9a7c73aa47bdcd8a1.20250608.20260608",
      "domain": "www.clarity.ms",
      "path": "/",
      "expires": 1780904878.069604,
      "httpOnly": true,
      "secure": true,
      "sameSite": "None"
    },
    {
      "name": "_ga_BFM17W6LPR",
      "value": "GS2.1.s1749368878$o1$g0$t1749368878$j60$l0$h0",
      "domain": ".leaftaps.com",
      "path": "/",
      "expires": 1783928878.128924,
      "httpOnly": false,
      "secure": false,
      "sameSite": "Lax"
    },
    {
      "name": "ai_session",
      "value": "W2PxYceFk82IDyA+BSnXxZ|1749368878254|1749368878254",
      "domain": "leaftaps.com",
      "path": "/",
      "expires": 1749370678.255319,
      "httpOnly": false,
      "secure": false,
      "sameSite": "Lax"
    },
    {
      "name": "_clck",
      "value": "10rqgq1%7C2%7Cfwl%7C0%7C1985",
      "domain": ".leaftaps.com",
      "path": "/",
      "expires": 1780904878,
      "httpOnly": false,
      "secure": false,
      "sameSite": "Lax"
    },
    {
      "name": "_ga",
      "value": "GA1.2.407352164.1749368878",
      "domain": ".leaftaps.com",
      "path": "/",
      "expires": 1783928878.566932,
      "httpOnly": false,
      "secure": false,
      "sameSite": "Lax"
    },
    {
      "name": "_gid",
      "value": "GA1.2.1683868950.1749368879",
      "domain": ".leaftaps.com",
      "path": "/",
      "expires": 1749455278,
      "httpOnly": false,
      "secure": false,
      "sameSite": "Lax"
    },
    {
      "name": "_gat_gtag_UA_241053063_1",
      "value": "1",
      "domain": ".leaftaps.com",
      "path": "/",
      "expires": 1749368938,
      "httpOnly": false,
      "secure": false,
      "sameSite": "Lax"
    }
  ],
  "origins": []
}