{
  "cookies": [
    {
      "name": "JSESSIONID",
      "value": "75E83DB49438C93C3BB95AA5A657BDA7.jvm1",
      "domain": "leaftaps.com",
      "path": "/opentaps",
      "expires": -1,
      "httpOnly": false,
      "secure": false,
      "sameSite": "Lax"
    },
    {
      "name": "OFBiz.Visitor",
      "value": "3016803",
      "domain": "leaftaps.com",
      "path": "/",
      "expires": 1781416967.012304,
      "httpOnly": false,
      "secure": false,
      "sameSite": "Lax"
    },
    {
      "name": "CLID",
      "value": "1792a990912e4c07abe7f340b7f81f48.20250614.20260614",
      "domain": "www.clarity.ms",
      "path": "/",
      "expires": 1781416967.943002,
      "httpOnly": true,
      "secure": true,
      "sameSite": "None"
    },
    {
      "name": "_ga_XC5DRQT2CH",
      "value": "GS2.1.s1749880968$o1$g0$t1749880968$j60$l0$h0",
      "domain": ".leaftaps.com",
      "path": "/",
      "expires": 1784440968.445835,
      "httpOnly": false,
      "secure": false,
      "sameSite": "Lax"
    },
    {
      "name": "ai_user",
      "value": "Nu8Dk84OlOyusgtmjTPeoU|2025-06-14T06:02:48.465Z",
      "domain": "leaftaps.com",
      "path": "/",
      "expires": 1781416968.466307,
      "httpOnly": false,
      "secure": false,
      "sameSite": "Lax"
    },
    {
      "name": "_ga_BFM17W6LPR",
      "value": "GS2.1.s1749880968$o1$g0$t1749880968$j60$l0$h0",
      "domain": ".leaftaps.com",
      "path": "/",
      "expires": 1784440968.582956,
      "httpOnly": false,
      "secure": false,
      "sameSite": "Lax"
    },
    {
      "name": "_clck",
      "value": "s4jozp%7C2%7Cfwr%7C0%7C1991",
      "domain": ".leaftaps.com",
      "path": "/",
      "expires": 1781416968,
      "httpOnly": false,
      "secure": false,
      "sameSite": "Lax"
    },
    {
      "name": "ai_session",
      "value": "/Gs6PqKeuyI/ToZngvUR+n|1749880968956|1749880968956",
      "domain": "leaftaps.com",
      "path": "/",
      "expires": 1749882768.957729,
      "httpOnly": false,
      "secure": false,
      "sameSite": "Lax"
    },
    {
      "name": "_ga",
      "value": "GA1.2.931812320.1749880968",
      "domain": ".leaftaps.com",
      "path": "/",
      "expires": 1784440969.189357,
      "httpOnly": false,
      "secure": false,
      "sameSite": "Lax"
    },
    {
      "name": "_gid",
      "value": "GA1.2.764347475.1749880969",
      "domain": ".leaftaps.com",
      "path": "/",
      "expires": 1749967369,
      "httpOnly": false,
      "secure": false,
      "sameSite": "Lax"
    },
    {
      "name": "_gat_gtag_UA_241053063_1",
      "value": "1",
      "domain": ".leaftaps.com",
      "path": "/",
      "expires": 1749881029,
      "httpOnly": false,
      "secure": false,
      "sameSite": "Lax"
    }
  ],
  "origins": []
}